Season,Date,Qty,Amount,Source
FALL 2024,11/8/23,106,"$4,547.50 ",PRE-BOOK
FALL 2024,11/9/23,97,"$4,795.37 ",PRE-BOOK
FALL 2024,11/12/23,453,"$13,535.27 ",PRE-BOOK
FALL 2024,11/14/23,853,"$27,084.33 ",PRE-BOOK
FALL 2024,11/15/23,3584,"$142,773.68 ",PRE-BOOK
FALL 2024,11/16/23,159,"$5,572.55 ",PRE-BOOK
FALL 2024,11/17/23,24,$956.00 ,PRE-BOOK
FALL 2024,11/18/23,650,"$25,270.70 ",PRE-BOOK
FALL 2024,11/21/23,83,"$2,824.46 ",PRE-BOOK
FALL 2024,11/22/23,101,"$3,506.00 ",PRE-BOOK
FALL 2024,11/26/23,352,"$9,629.74 ",PRE-BOOK
FALL 2024,11/27/23,39,"$1,618.62 ",PRE-BOOK
FALL 2024,11/28/23,1138,"$32,414.01 ",PRE-BOOK
FALL 2024,11/29/23,135,"$2,761.50 ",PRE-BOOK
FALL 2024,11/30/23,226,"$8,961.60 ",PRE-BOOK
FALL 2024,12/1/23,431,"$16,112.49 ",PRE-BOOK
FALL 2024,12/3/23,139,"$2,873.15 ",PRE-BOOK
FALL 2024,12/4/23,737,"$24,417.86 ",PRE-BOOK
FALL 2024,12/5/23,662,"$22,218.21 ",PRE-BOOK
FALL 2024,12/6/23,710,"$26,129.81 ",PRE-BOOK
FALL 2024,12/7/23,1978,"$65,721.76 ",PRE-BOOK
FALL 2024,12/8/23,2033,"$57,222.64 ",PRE-BOOK
FALL 2024,12/9/23,607,"$18,301.73 ",PRE-BOOK
FALL 2024,12/10/23,334,"$14,637.42 ",PRE-BOOK
FALL 2024,12/11/23,1893,"$52,129.27 ",PRE-BOOK
FALL 2024,12/12/23,5333,"$164,558.04 ",PRE-BOOK
FALL 2024,12/13/23,7643,"$220,667.33 ",PRE-BOOK
FALL 2024,12/14/23,2696,"$107,289.40 ",PRE-BOOK
FALL 2024,12/15/23,18727,"$643,629.64 ",PRE-BOOK
FALL 2024,12/16/23,1515,"$53,690.15 ",PRE-BOOK
FALL 2024,12/17/23,385,"$14,893.63 ",PRE-BOOK
FALL 2024,12/18/23,1291,"$44,826.80 ",PRE-BOOK
FALL 2024,12/19/23,1766,"$58,483.30 ",PRE-BOOK
FALL 2024,12/20/23,1567,"$47,086.50 ",PRE-BOOK
FALL 2024,12/21/23,1104,"$39,162.36 ",PRE-BOOK
FALL 2024,12/22/23,278,"$8,664.49 ",PRE-BOOK
FALL 2024,12/23/23,205,"$8,585.50 ",PRE-BOOK
FALL 2024,12/25/23,92,"$3,018.50 ",Post Deadline
FALL 2024,12/26/23,116,"$3,548.50 ",Post Deadline
FALL 2024,12/27/23,1891,"$60,729.75 ",Post Deadline
FALL 2024,12/29/23,197,"$7,814.03 ",Post Deadline
FALL 2024,12/31/23,1532,"$56,047.50 ",Post Deadline
FALL 2024,1/2/24,94,"$3,163.50 ",Post Deadline
FALL 2024,1/3/24,211,"$8,750.00 ",Post Deadline
FALL 2024,1/4/24,242,"$7,705.00 ",Post Deadline
FALL 2024,1/7/24,152,"$3,430.72 ",Post Deadline
FALL 2024,1/8/24,149,"$3,413.50 ",Post Deadline
FALL 2024,1/9/24,411,"$10,165.00 ",Post Deadline
FALL 2024,1/10/24,145,"$3,378.00 ",Post Deadline
FALL 2024,1/11/24,190,"$4,692.50 ",Post Deadline
FALL 2024,1/17/24,25,$406.50 ,Post Deadline
FALL 2024,1/19/24,231,"$4,947.38 ",Post Deadline
FALL 2024,1/20/24,31,$772.35 ,Post Deadline
FALL 2024,1/25/24,279,"$12,730.50 ",Post Deadline
FALL 2024,1/29/24,103,"$2,119.50 ",Post Deadline
FALL 2024,1/31/24,62,"$2,201.00 ",Post Deadline
FALL 2024,2/12/24,26,"$1,111.50 ",Post Deadline
FALL 2024,2/28/24,12,$421.00 ,Post Deadline
FALL 2024,4/8/24,7,$398.00 ,Post Deadline
FALL 2024,5/15/24,267,"$11,564.63 ",Post Deadline
FALL 2024,5/30/24,258,"$6,170.00 ",Post Deadline
FALL 2024,6/26/24,48,"$1,109.70 ",Post Deadline
FALL 2024,7/1/24,31,$480.50 ,AO
FALL 2024,7/6/24,46,$641.70 ,AO
FALL 2024,7/8/24,70,"$1,429.00 ",AO
FALL 2024,7/11/24,15,$232.50 ,AO
FALL 2024,7/15/24,97,"$2,203.97 ",AO
FALL 2024,7/16/24,475,"$21,813.50 ",AO
FALL 2024,7/18/24,38,$447.70 ,AO
FALL 2024,7/19/24,36,"$1,101.60 ",AO
FALL 2024,7/21/24,8,$124.00 ,AO
FALL 2024,7/24/24,168,"$2,597.40 ",AO
FALL 2024,7/26/24,276,"$7,258.94 ",AO
FALL 2024,7/29/24,50,$733.95 ,AO
FALL 2024,7/30/24,12,$498.00 ,AO
FALL 2024,8/5/24,36,"$1,164.60 ",AO
FALL 2024,8/6/24,40,$703.00 ,AO
FALL 2024,8/7/24,615,"$14,834.25 ",AO
FALL 2024,8/9/24,54,$689.50 ,AO
FALL 2024,8/11/24,21,$871.50 ,AO
FALL 2024,8/12/24,214,"$4,356.00 ",AO
FALL 2024,8/13/24,334,"$8,278.36 ",AO
FALL 2024,8/14/24,99,"$1,379.25 ",AO
FALL 2024,8/15/24,202,"$3,898.50 ",AO
FALL 2024,8/16/24,35,"$1,154.25 ",AO
FALL 2024,8/18/24,4,$161.00 ,AO
FALL 2024,8/19/24,195,"$8,822.40 ",AO
FALL 2024,8/20/24,22,$879.40 ,AO
FALL 2024,8/22/24,169,"$6,330.68 ",AO
FALL 2024,8/23/24,1,$28.90 ,AO
FALL 2024,8/26/24,277,"$5,696.90 ",AO
FALL 2024,8/28/24,26,$765.00 ,AO
FALL 2024,8/29/24,48,$792.00 ,AO
FALL 2024,8/31/24,16,$704.00 ,AO
FALL 2024,9/2/24,125,"$4,088.50 ",AO
FALL 2024,9/3/24,541,"$14,295.99 ",AO
FALL 2024,9/5/24,117,"$4,778.00 ",AO
FALL 2024,9/6/24,66,"$1,634.70 ",AO
FALL 2024,9/8/24,3,$124.50 ,AO
FALL 2024,9/9/24,302,"$8,003.35 ",AO
FALL 2024,9/10/24,88,"$3,723.25 ",AO
FALL 2024,9/12/24,1156,"$22,939.60 ",AO
FALL 2024,9/13/24,91,"$3,631.50 ",AO
FALL 2024,9/14/24,24,$313.50 ,AO
FALL 2024,9/15/24,39,"$1,465.50 ",AO
FALL 2024,9/17/24,108,"$4,566.00 ",AO
FALL 2024,9/18/24,107,"$3,987.00 ",AO
FALL 2024,9/19/24,119,"$4,073.50 ",AO
FALL 2024,9/20/24,154,"$5,705.60 ",AO
FALL 2024,9/21/24,98,"$2,934.85 ",AO
FALL 2024,9/23/24,150,"$4,813.24 ",AO
FALL 2024,9/25/24,36,"$1,309.95 ",AO
FALL 2024,9/26/24,213,"$8,122.69 ",AO
FALL 2024,9/27/24,41,"$1,558.35 ",AO
FALL 2024,9/30/24,108,"$3,467.54 ",AO
FALL 2024,10/1/24,142,"$5,105.80 ",AO
FALL 2024,10/2/24,14,$525.60 ,AO
FALL 2024,10/3/24,37,"$1,262.64 ",AO
FALL 2024,10/4/24,32,"$1,503.40 ",AO
FALL 2024,10/5/24,31,$974.95 ,AO
FALL 2024,10/6/24,17,$718.20 ,AO
FALL 2024,10/7/24,45,"$1,706.65 ",AO
FALL 2024,10/8/24,44,"$1,763.30 ",AO
FALL 2024,10/9/24,58,"$1,809.19 ",AO
FALL 2024,10/10/24,62,"$2,820.30 ",AO
FALL 2024,10/11/24,211,"$8,306.34 ",AO
FALL 2024,10/13/24,2,$83.70 ,AO
FALL 2024,10/14/24,64,"$2,238.30 ",AO
FALL 2024,10/15/24,73,"$2,598.75 ",AO
FALL 2024,10/16/24,143,"$4,667.45 ",AO
FALL 2024,10/17/24,59,"$2,342.40 ",AO
FALL 2024,10/18/24,395,"$14,513.17 ",AO
FALL 2024,10/19/24,35,"$1,289.25 ",AO
FALL 2024,10/21/24,233,"$8,501.55 ",AO
FALL 2024,10/22/24,16,$500.65 ,AO
FALL 2024,10/23/24,14,$520.65 ,AO
FALL 2024,10/24/24,14,$587.65 ,AO
FALL 2024,10/25/24,14,$511.65 ,AO
FALL 2024,10/26/24,65,"$1,338.60 ",AO
FALL 2024,10/27/24,34,"$1,380.70 ",AO
FALL 2024,10/28/24,61,"$1,905.70 ",AO
FALL 2024,10/29/24,35,"$1,174.50 ",AO
FALL 2024,10/30/24,91,"$2,670.30 ",AO
FALL 2024,10/31/24,39,$762.30 ,AO
FALL 2024,11/1/24,58,"$1,545.25 ",AO
FALL 2024,11/2/24,28,"$1,049.20 ",AO
FALL 2024,11/4/24,289,"$11,691.09 ",AO
FALL 2024,11/5/24,23,$745.80 ,AO
FALL 2024,11/6/24,155,"$6,007.65 ",AO
FALL 2024,11/7/24,12,$772.20 ,AO
FALL 2024,11/8/24,105,"$4,069.95 ",AO
FALL 2024,11/11/24,3,$152.00 ,AO
FALL 2024,11/12/24,34,$536.00 ,AO
FALL 2024,11/15/24,64,"$1,835.14 ",AO
FALL 2024,11/16/24,26,$843.90 ,AO
FALL 2024,11/17/24,77,"$3,542.00 ",AO
FALL 2024,11/18/24,85,"$3,005.69 ",AO
FALL 2024,11/19/24,137,"$3,306.40 ",AO
FALL 2024,11/20/24,122,"$5,317.24 ",AO
FALL 2024,11/21/24,193,"$7,172.25 ",AO
FALL 2024,11/22/24,20,"$1,070.00 ",AO
FALL 2024,11/24/24,74,"$1,522.89 ",AO
FALL 2024,11/25/24,374,"$13,119.30 ",AO
FALL 2024,11/29/24,56,"$2,364.50 ",AO
FALL 2024,11/30/24,1,$39.00 ,AO
FALL 2024,12/1/24,134,"$2,120.40 ",AO
FALL 2024,12/2/24,38,$594.35 ,AO
FALL 2024,12/3/24,105,"$2,332.96 ",AO
FALL 2024,12/4/24,61,"$1,639.90 ",AO
FALL 2024,12/5/24,1,$118.00 ,AO
FALL 2024,12/6/24,37,$703.00 ,AO
FALL 2024,12/7/24,157,"$3,170.50 ",AO
FALL 2024,12/8/24,120,"$2,681.50 ",AO
FALL 2024,12/9/24,157,"$2,750.50 ",AO
FALL 2024,12/10/24,72,"$1,205.00 ",AO
FALL 2024,12/11/24,17,$497.50 ,AO
FALL 2024,12/12/24,25,"$1,259.00 ",AO
FALL 2024,12/13/24,9,$139.50 ,AO
FALL 2024,12/14/24,7,$353.00 ,AO
FALL 2024,12/15/24,89,"$3,529.00 ",AO
FALL 2024,12/16/24,71,"$3,212.60 ",AO
FALL 2024,12/17/24,97,"$4,408.00 ",AO
FALL 2024,12/19/24,14,$616.50 ,AO
FALL 2024,12/22/24,18,$724.00 ,AO
FALL 2024,12/23/24,50,"$3,120.00 ",AO
FALL 2024,12/26/24,7,$443.00 ,AO
FALL 2024,12/27/24,1,$47.20 ,AO
FALL 2024,12/28/24,3,$157.00 ,AO
FALL 2024,12/30/24,58,"$2,206.80 ",AO
FALL 2024,12/31/24,39,$456.17 ,AO
FALL 2024,1/3/25,1,$49.00 ,AO
FALL 2024,1/4/25,23,$400.50 ,AO
FALL 2024,1/6/25,1,$59.00 ,AO
FALL 2024,1/10/25,18,$874.50 ,AO
FALL 2024,1/11/25,31,$748.50 ,AO
FALL 2024,1/14/25,32,"$1,523.00 ",AO
FALL 2024,1/23/25,3,$214.50 ,AO
FALL 2024,2/5/25,6,$138.00 ,AO
FALL 2024,4/1/25,15,$378.50 ,AO
FALL 2024,,79754,"$2,610,632.70 ",
FALL 2025,11/5/24,82,"$3,173.30 ",PRE-BOOK
FALL 2025,11/13/24,268,"$9,876.55 ",PRE-BOOK
FALL 2025,11/15/24,115,"$3,237.50 ",PRE-BOOK
FALL 2025,11/19/24,303,"$10,149.69 ",PRE-BOOK
FALL 2025,11/20/24,285,"$7,558.25 ",PRE-BOOK
FALL 2025,11/21/24,55,"$1,815.50 ",PRE-BOOK
FALL 2025,11/22/24,60,"$2,785.00 ",PRE-BOOK
FALL 2025,11/25/24,209,"$6,070.06 ",PRE-BOOK
FALL 2025,11/26/24,385,"$13,900.49 ",PRE-BOOK
FALL 2025,11/27/24,118,"$5,046.91 ",PRE-BOOK
FALL 2025,12/2/24,788,"$24,907.04 ",PRE-BOOK
FALL 2025,12/3/24,782,"$22,731.75 ",PRE-BOOK
FALL 2025,12/4/24,211,"$7,766.03 ",PRE-BOOK
FALL 2025,12/5/24,867,"$30,889.30 ",PRE-BOOK
FALL 2025,12/6/24,208,"$7,832.45 ",PRE-BOOK
FALL 2025,12/8/24,60,"$2,496.00 ",PRE-BOOK
FALL 2025,12/9/24,1496,"$56,402.12 ",PRE-BOOK
FALL 2025,12/10/24,2775,"$117,998.94 ",PRE-BOOK
FALL 2025,12/11/24,2155,"$78,422.84 ",PRE-BOOK
FALL 2025,12/12/24,2203,"$64,553.09 ",PRE-BOOK
FALL 2025,12/13/24,4410,"$150,131.26 ",PRE-BOOK
FALL 2025,12/14/24,644,"$23,329.44 ",PRE-BOOK
FALL 2025,12/15/24,1690,"$57,785.82 ",PRE-BOOK
FALL 2025,12/16/24,17951,"$607,256.39 ",PRE-BOOK
FALL 2025,12/17/24,3165,"$111,279.76 ",PRE-BOOK
FALL 2025,12/18/24,8275,"$269,916.83 ",PRE-BOOK
FALL 2025,12/19/24,2118,"$69,806.18 ",PRE-BOOK
FALL 2025,12/20/24,1195,"$46,708.09 ",PRE-BOOK
FALL 2025,12/21/24,272,"$9,362.92 ",PRE-BOOK
FALL 2025,12/22/24,1238,"$38,646.52 ",PRE-BOOK
FALL 2025,12/23/24,3507,"$120,602.95 ",PRE-BOOK
FALL 2025,12/24/24,796,"$18,837.90 ",PRE-BOOK
FALL 2025,12/26/24,48,$792.00 ,PRE-BOOK
FALL 2025,12/27/24,129,"$3,820.70 ",PRE-BOOK
FALL 2025,12/29/24,133,"$2,650.00 ",PRE-BOOK
FALL 2025,12/30/24,968,"$47,093.85 ",Post Deadline
FALL 2025,12/31/24,27,$432.00 ,Post Deadline
FALL 2025,1/2/25,493,"$16,196.00 ",Post Deadline
FALL 2025,1/3/25,604,"$18,190.50 ",Post Deadline
FALL 2025,1/5/25,304,"$8,262.00 ",Post Deadline
FALL 2025,1/7/25,1363,"$47,234.25 ",Post Deadline
FALL 2025,1/10/25,34,"$1,574.00 ",Post Deadline
FALL 2025,1/11/25,55,"$1,881.25 ",Post Deadline
FALL 2025,1/13/25,89,"$3,106.50 ",Post Deadline
FALL 2025,1/14/25,432,"$12,664.50 ",Post Deadline
FALL 2025,1/16/25,326,"$9,571.53 ",Post Deadline
FALL 2025,1/17/25,74,"$2,989.00 ",Post Deadline
FALL 2025,1/18/25,148,"$2,988.50 ",Post Deadline
FALL 2025,1/21/25,165,"$7,093.00 ",Post Deadline
FALL 2025,1/22/25,627,"$19,490.50 ",Post Deadline
FALL 2025,1/27/25,306,"$12,149.00 ",Post Deadline
FALL 2025,2/1/25,137,"$5,739.00 ",Post Deadline
FALL 2025,2/2/25,267,"$9,593.50 ",Post Deadline
FALL 2025,2/5/25,620,"$24,704.10 ",Post Deadline
FALL 2025,2/12/25,18,"$1,071.00 ",Post Deadline
FALL 2025,2/13/25,25,"$1,471.50 ",Post Deadline
FALL 2025,2/24/25,78,"$4,005.00 ",Post Deadline
FALL 2025,3/3/25,207,"$4,148.90 ",Post Deadline
FALL 2025,3/4/25,21,$585.00 ,Post Deadline
FALL 2025,3/5/25,70,"$3,933.00 ",Post Deadline
FALL 2025,3/7/25,262,"$10,121.00 ",Post Deadline
FALL 2025,3/16/25,192,"$8,050.50 ",Post Deadline
FALL 2025,3/17/25,52,"$2,259.00 ",Post Deadline
FALL 2025,3/20/25,31,$529.50 ,Post Deadline
FALL 2025,4/1/25,48,"$1,751.00 ",Post Deadline
FALL 2025,4/3/25,272,"$7,857.20 ",Post Deadline
FALL 2025,4/16/25,65,"$3,053.50 ",Post Deadline
FALL 2025,4/21/25,150,"$4,098.00 ",Post Deadline
FALL 2025,4/28/25,115,"$5,382.50 ",Post Deadline
FALL 2025,5/15/25,186,"$4,193.00 ",Post Deadline
FALL 2025,6/4/25,136,"$5,407.00 ",Post Deadline
FALL 2025,6/15/25,18,$419.00 ,Post Deadline
FALL 2025,6/17/25,12,$402.00 ,Post Deadline
FALL 2025,7/6/25,74,"$1,293.00 ",AO
FALL 2025,7/7/25,2,$29.70 ,AO
FALL 2025,7/8/25,355,"$2,617.50 ",AO
FALL 2025,7/10/25,2,$82.00 ,AO
FALL 2025,7/11/25,30,$536.60 ,AO
FALL 2025,7/12/25,102,"$2,229.00 ",AO
FALL 2025,7/14/25,990,"$16,372.70 ",AO
FALL 2025,7/15/25,293,"$5,604.20 ",AO
FALL 2025,7/17/25,125,"$3,099.50 ",AO
FALL 2025,7/18/25,93,"$2,862.50 ",AO
FALL 2025,7/19/25,8,$136.00 ,AO
FALL 2025,7/20/25,449,"$11,296.50 ",AO
FALL 2025,7/21/25,8,$241.20 ,AO
FALL 2025,7/22/25,49,"$1,024.50 ",AO
FALL 2025,7/26/25,50,"$2,507.50 ",AO
FALL 2025,7/27/25,16,$536.00 ,AO
FALL 2025,7/28/25,103,"$2,368.65 ",AO
FALL 2025,7/30/25,187,"$6,536.70 ",AO
FALL 2025,7/31/25,70,"$1,464.00 ",AO
FALL 2025,8/1/25,15,$407.50 ,AO
FALL 2025,8/2/25,41,$850.50 ,AO
FALL 2025,8/3/25,25,$659.50 ,AO
FALL 2025,8/5/25,39,$946.50 ,AO
FALL 2025,8/6/25,187,"$3,702.15 ",AO
FALL 2025,8/7/25,144,"$4,453.90 ",AO
FALL 2025,8/8/25,91,"$2,689.50 ",AO
FALL 2025,8/10/25,65,"$1,157.50 ",AO
FALL 2025,8/11/25,23,$663.20 ,AO
FALL 2025,8/12/25,64,"$1,561.00 ",AO
FALL 2025,8/13/25,188,"$5,177.20 ",AO
FALL 2025,8/14/25,122,"$4,087.00 ",AO
FALL 2025,8/15/25,40,$897.00 ,AO
FALL 2025,8/16/25,8,$268.00 ,AO
FALL 2025,8/17/25,10,$512.00 ,AO
FALL 2025,8/18/25,23,$821.50 ,AO
FALL 2025,8/19/25,120,"$4,552.95 ",AO
FALL 2025,8/20/25,35,"$1,085.50 ",AO
FALL 2025,8/21/25,138,"$5,212.20 ",AO
FALL 2025,8/22/25,36,$314.00 ,AO
FALL 2025,8/24/25,12,$688.00 ,AO
FALL 2025,8/25/25,667,"$16,113.30 ",AO
FALL 2025,8/26/25,264,"$6,553.00 ",AO
FALL 2025,8/27/25,274,"$8,952.84 ",AO
FALL 2025,8/28/25,152,"$4,098.60 ",AO
FALL 2025,8/29/25,100,"$3,134.50 ",AO
FALL 2025,8/30/25,25,$744.50 ,AO
FALL 2025,9/1/25,5,$155.50 ,AO
FALL 2025,9/3/25,98,"$4,148.00 ",AO
FALL 2025,9/4/25,121,"$3,020.00 ",AO
FALL 2025,9/5/25,16,"$1,088.00 ",AO
FALL 2025,9/6/25,134,"$4,068.45 ",AO
FALL 2025,9/7/25,4,$231.00 ,AO
FALL 2025,9/8/25,305,"$9,940.05 ",AO
FALL 2025,9/9/25,73,"$2,687.50 ",AO
FALL 2025,9/10/25,19,$498.29 ,AO
FALL 2025,9/11/25,176,"$7,243.00 ",AO
FALL 2025,9/12/25,81,"$2,956.31 ",AO
FALL 2025,9/13/25,259,$259.00 ,AO
FALL 2025,9/15/25,374,"$6,658.27 ",AO
FALL 2025,9/16/25,53,"$1,338.50 ",AO
FALL 2025,9/17/25,671,"$12,175.83 ",AO
FALL 2025,9/18/25,180,"$5,129.95 ",AO
FALL 2025,9/19/25,230,"$5,498.78 ",AO
FALL 2025,9/20/25,7,$297.50 ,AO
FALL 2025,9/21/25,226,"$4,450.00 ",AO
FALL 2025,9/22/25,70,"$2,584.50 ",AO
FALL 2025,9/23/25,112,"$1,174.50 ",AO
FALL 2025,9/24/25,91,"$3,112.29 ",AO
FALL 2025,9/26/25,12,$419.00 ,AO
FALL 2025,9/27/25,7,$507.50 ,AO
FALL 2025,9/29/25,256,"$7,901.27 ",AO
FALL 2025,9/30/25,78,"$2,340.00 ",AO
FALL 2025,10/1/25,61,"$2,020.50 ",AO
FALL 2025,10/2/25,77,"$1,321.50 ",AO
FALL 2025,10/3/25,48,"$1,477.00 ",AO
FALL 2025,10/4/25,5,$120.50 ,AO
FALL 2025,10/5/25,37,"$1,051.50 ",AO
FALL 2025,10/6/25,144,"$5,352.73 ",AO
FALL 2025,10/7/25,8,$348.00 ,AO
FALL 2025,10/8/25,71,"$2,238.51 ",AO
FALL 2025,10/9/25,44,"$1,800.00 ",AO
FALL 2025,10/10/25,109,"$3,292.50 ",AO
FALL 2025,10/11/25,11,$424.50 ,AO
FALL 2025,10/12/25,41,"$1,056.50 ",AO
FALL 2025,10/13/25,248,"$5,665.50 ",AO
FALL 2025,10/14/25,104,"$2,473.00 ",AO
FALL 2025,10/15/25,73,"$2,493.00 ",AO
FALL 2025,10/16/25,299,"$5,882.03 ",AO
FALL 2025,10/17/25,49,"$1,478.50 ",AO
FALL 2025,10/18/25,88,"$2,676.50 ",AO
FALL 2025,10/20/25,601,"$23,613.85 ",AO
FALL 2025,10/21/25,21,$764.51 ,AO
FALL 2025,10/22/25,99,"$2,257.38 ",AO
FALL 2025,10/23/25,11,$478.50 ,AO
FALL 2025,10/24/25,4,$170.00 ,AO
FALL 2025,10/26/25,891,"$18,373.75 ",AO
FALL 2025,10/27/25,202,"$4,717.72 ",AO
FALL 2025,10/28/25,95,"$2,443.50 ",AO
FALL 2025,10/29/25,203,"$4,082.97 ",AO
FALL 2025,10/30/25,28,"$1,016.50 ",AO
FALL 2025,10/31/25,21,$597.50 ,AO
FALL 2025,11/3/25,100,"$3,198.62 ",AO
FALL 2025,11/4/25,34,"$1,342.50 ",AO
FALL 2025,11/5/25,95,"$2,874.50 ",AO
FALL 2025,11/7/25,1,$47.50 ,AO
FALL 2025,11/10/25,345,"$9,126.11 ",AO
FALL 2025,11/11/25,229,"$7,519.25 ",AO
FALL 2025,11/12/25,170,"$5,142.90 ",AO
FALL 2025,11/13/25,181,"$6,035.15 ",AO
FALL 2025,11/14/25,131,"$2,048.20 ",AO
FALL 2025,11/15/25,3,$103.50 ,AO
FALL 2025,11/16/25,1,$39.50 ,AO
FALL 2025,11/17/25,143,"$3,136.94 ",AO
FALL 2025,11/19/25,157,"$6,415.85 ",AO
FALL 2025,11/21/25,109,"$3,534.45 ",AO
FALL 2025,11/22/25,2,$95.00 ,AO
FALL 2025,11/23/25,12,$479.00 ,AO
FALL 2025,11/24/25,31,"$1,319.50 ",AO
FALL 2025,11/25/25,158,"$3,841.23 ",AO
FALL 2025,11/26/25,3,$94.50 ,AO
FALL 2025,11/28/25,101,"$4,055.20 ",AO
FALL 2025,11/29/25,8,$386.50 ,AO
FALL 2025,11/30/25,272,"$7,961.85 ",AO
FALL 2025,12/1/25,572,"$16,791.92 ",AO
FALL 2025,12/3/25,118,"$2,532.95 ",AO
FALL 2025,12/4/25,188,"$5,733.75 ",AO
FALL 2025,12/5/25,45,"$1,125.10 ",AO
FALL 2025,12/6/25,504,"$8,155.45 ",AO
FALL 2025,12/7/25,10,$467.00 ,AO
FALL 2025,12/8/25,200,"$5,277.25 ",AO
FALL 2025,12/9/25,91,"$2,903.05 ",AO
FALL 2025,12/10/25,104,"$2,592.15 ",AO
FALL 2025,12/11/25,37,"$1,177.14 ",AO
FALL 2025,12/12/25,115,"$3,190.75 ",AO
FALL 2025,12/13/25,86,"$2,217.25 ",AO
FALL 2025,12/14/25,128,"$1,981.87 ",AO
FALL 2025,12/15/25,313,"$6,333.03 ",AO
FALL 2025,12/16/25,204,"$3,922.53 ",AO
FALL 2025,12/17/25,124,"$3,854.30 ",AO
FALL 2025,12/18/25,81,"$2,361.77 ",AO
FALL 2025,12/19/25,77,$114.00 ,AO
FALL 2025,12/20/25,73,$780.80 ,AO
FALL 2025,12/21/25,375,"$11,198.60 ",AO
FALL 2025,12/22/25,119,"$3,075.24 ",AO
FALL 2025,12/23/25,40,$151.74 ,AO
FALL 2025,12/24/25,19,"$1,203.00 ",AO
FALL 2025,12/26/25,52,"$1,486.35 ",AO
FALL 2025,12/27/25,117,"$3,932.80 ",AO
FALL 2025,12/28/25,73,"$1,170.10 ",AO
FALL 2025,12/29/25,110,"$1,493.16 ",AO
FALL 2025,12/30/25,165,"$2,323.45 ",AO
FALL 2025,12/31/25,145,"$2,852.15 ",AO
FALL 2025,1/2/26,33,$633.40 ,AO
FALL 2025,1/5/26,2,$98.00 ,AO
FALL 2025,1/6/26,7,$370.50 ,AO
FALL 2025,1/7/26,7,$245.38 ,AO
FALL 2025,1/8/26,1,$72.50 ,AO
FALL 2025,1/12/26,11,$592.00 ,AO
FALL 2025,1/14/26,3,$238.50 ,AO
FALL 2025,1/15/26,32,$534.60 ,AO
FALL 2025,1/16/26,1,$16.50 ,AO
FALL 2025,1/18/26,23,$11.50 ,AO
FALL 2025,1/21/26,14,$362.75 ,AO
FALL 2025,1/27/26,28,$365.40 ,AO
FALL 2025,1/28/26,1,$72.50 ,AO
FALL 2025,2/4/26,1,$27.65 ,AO
FALL 2025,2/20/26,6,$283.50 ,AO
FALL 2025,3/23/26,41,"$1,318.10 ",AO
FALL 2025,,88040,"$2,833,381.86 ",
FALL 2026,11/10/25,204,"$7,106.28 ",PRE-BOOK
FALL 2026,11/11/25,510,"$15,931.39 ",PRE-BOOK
FALL 2026,11/14/25,556,"$10,501.10 ",PRE-BOOK
FALL 2026,11/17/25,579,"$20,181.42 ",PRE-BOOK
FALL 2026,11/18/25,128,"$5,156.02 ",PRE-BOOK
FALL 2026,11/19/25,9,$384.75 ,PRE-BOOK
FALL 2026,11/20/25,330,"$10,878.09 ",PRE-BOOK
FALL 2026,11/24/25,250,"$7,163.93 ",PRE-BOOK
FALL 2026,11/26/25,23,$712.90 ,PRE-BOOK
FALL 2026,11/29/25,530,"$16,845.41 ",PRE-BOOK
FALL 2026,12/2/25,476,"$16,184.24 ",PRE-BOOK
FALL 2026,12/4/25,406,"$11,625.67 ",PRE-BOOK
FALL 2026,12/5/25,2995,"$100,651.89 ",PRE-BOOK
FALL 2026,12/8/25,4840,"$138,582.32 ",PRE-BOOK
FALL 2026,12/9/25,1545,"$55,033.57 ",PRE-BOOK
FALL 2026,12/10/25,1334,"$47,334.13 ",PRE-BOOK
FALL 2026,12/11/25,2547,"$83,020.89 ",PRE-BOOK
FALL 2026,12/12/25,4891,"$175,044.77 ",PRE-BOOK
FALL 2026,12/13/25,1060,"$31,432.08 ",PRE-BOOK
FALL 2026,12/14/25,234,"$9,699.00 ",PRE-BOOK
FALL 2026,12/15/25,13496,"$463,283.99 ",PRE-BOOK
FALL 2026,12/16/25,7279,"$248,751.13 ",PRE-BOOK
FALL 2026,12/17/25,4396,"$128,710.40 ",PRE-BOOK
FALL 2026,12/18/25,2708,"$70,104.57 ",PRE-BOOK
FALL 2026,12/19/25,2567,"$97,920.22 ",PRE-BOOK
FALL 2026,12/20/25,422,"$17,778.10 ",PRE-BOOK
FALL 2026,12/21/25,2677,"$78,954.00 ",PRE-BOOK
FALL 2026,12/22/25,2843,"$95,444.79 ",PRE-BOOK
FALL 2026,12/23/25,2249,"$70,610.39 ",PRE-BOOK
FALL 2026,12/24/25,34,"$1,109.50 ",PRE-BOOK
FALL 2026,12/26/25,509,"$17,180.50 ",PRE-BOOK
FALL 2026,12/29/25,274,"$9,354.00 ",Post Deadline
FALL 2026,12/30/25,143,"$6,037.50 ",Post Deadline
FALL 2026,12/31/25,135,"$5,161.50 ",Post Deadline
FALL 2026,1/2/26,162,"$5,449.00 ",Post Deadline
FALL 2026,1/3/26,47,"$1,044.24 ",Post Deadline
FALL 2026,1/5/26,396,"$17,352.00 ",Post Deadline
FALL 2026,1/6/26,45,"$1,725.63 ",Post Deadline
FALL 2026,1/7/26,496,"$12,584.25 ",Post Deadline
FALL 2026,1/8/26,347,"$10,028.05 ",Post Deadline
FALL 2026,1/12/26,1802,"$48,399.00 ",Post Deadline
FALL 2026,1/16/26,36,"$1,491.00 ",Post Deadline
FALL 2026,1/19/26,188,"$6,597.12 ",Post Deadline
FALL 2026,1/20/26,753,"$25,735.35 ",Post Deadline
FALL 2026,1/21/26,51,$806.77 ,Post Deadline
FALL 2026,1/30/26,57,"$1,531.50 ",Post Deadline
FALL 2026,2/3/26,230,"$7,798.20 ",Post Deadline
FALL 2026,2/4/26,338,"$10,946.50 ",Post Deadline
FALL 2026,2/9/26,92,"$2,274.00 ",Post Deadline
FALL 2026,2/10/26,40,"$1,561.00 ",Post Deadline
FALL 2026,2/17/26,49,"$1,578.00 ",Post Deadline
FALL 2026,2/23/26,313,"$5,006.25 ",Post Deadline
FALL 2026,2/24/26,409,"$14,325.50 ",Post Deadline
FALL 2026,3/2/26,26,$932.00 ,Post Deadline
FALL 2026,3/7/26,59,"$2,038.00 ",Post Deadline
FALL 2026,3/13/26,594,"$17,989.50 ",Post Deadline
FALL 2026,3/20/26,101,"$3,539.39 ",Post Deadline
FALL 2026,3/24/26,231,"$9,525.00 ",Post Deadline
FALL 2026,3/25/26,253,"$4,379.25 ",Post Deadline
FALL 2026,4/6/26,37,"$2,054.50 ",Post Deadline
FALL 2026,4/14/26,1,$57.00 ,Post Deadline
FALL 2026,4/21/26,77,"$4,245.50 ",Post Deadline
FALL 2026,4/27/26,52,"$2,178.00 ",Post Deadline
FALL 2026,5/22/26,34,$561.00 ,AO
FALL 2026,5/23/26,1,$34.00 ,AO
FALL 2026,,70496,"$2,297,636.94 ",
SPRING 2027,5/15/26,406,"$11,335.50 ",PRE-BOOK
SPRING 2027,,406,"$11,335.50 ",
SUMMER 2024,5/31/23,599,"$15,401.00 ",PRE-BOOK
SUMMER 2024,6/5/23,188,"$3,878.00 ",PRE-BOOK
SUMMER 2024,6/7/23,259,"$3,943.86 ",PRE-BOOK
SUMMER 2024,6/9/23,236,"$6,528.50 ",PRE-BOOK
SUMMER 2024,6/14/23,490,"$13,297.50 ",PRE-BOOK
SUMMER 2024,6/15/23,547,"$12,865.50 ",PRE-BOOK
SUMMER 2024,6/17/23,214,"$6,142.50 ",PRE-BOOK
SUMMER 2024,6/19/23,542,"$16,086.50 ",PRE-BOOK
SUMMER 2024,6/20/23,132,"$2,664.50 ",PRE-BOOK
SUMMER 2024,6/21/23,279,"$7,865.50 ",PRE-BOOK
SUMMER 2024,6/22/23,409,"$11,418.50 ",PRE-BOOK
SUMMER 2024,6/23/23,185,"$4,944.00 ",PRE-BOOK
SUMMER 2024,6/24/23,365,"$11,557.50 ",PRE-BOOK
SUMMER 2024,6/26/23,729,"$19,109.95 ",PRE-BOOK
SUMMER 2024,6/28/23,878,"$15,891.50 ",PRE-BOOK
SUMMER 2024,6/29/23,527,"$13,642.46 ",PRE-BOOK
SUMMER 2024,6/30/23,945,"$22,884.15 ",PRE-BOOK
SUMMER 2024,7/1/23,775,"$15,995.29 ",PRE-BOOK
SUMMER 2024,7/3/23,366,"$9,674.24 ",PRE-BOOK
SUMMER 2024,7/4/23,229,"$4,731.38 ",PRE-BOOK
SUMMER 2024,7/5/23,561,"$14,783.50 ",PRE-BOOK
SUMMER 2024,7/6/23,149,"$3,005.00 ",PRE-BOOK
SUMMER 2024,7/7/23,72,"$2,280.50 ",PRE-BOOK
SUMMER 2024,7/8/23,30,$917.50 ,PRE-BOOK
SUMMER 2024,7/9/23,19,$567.50 ,PRE-BOOK
SUMMER 2024,7/10/23,1528,"$30,530.67 ",PRE-BOOK
SUMMER 2024,7/11/23,1147,"$30,841.29 ",PRE-BOOK
SUMMER 2024,7/12/23,554,"$14,982.00 ",PRE-BOOK
SUMMER 2024,7/13/23,779,"$20,228.65 ",PRE-BOOK
SUMMER 2024,7/14/23,260,"$7,342.55 ",PRE-BOOK
SUMMER 2024,7/15/23,8828,"$219,101.75 ",PRE-BOOK
SUMMER 2024,7/16/23,76,"$2,172.50 ",PRE-BOOK
SUMMER 2024,7/17/23,751,"$18,515.70 ",PRE-BOOK
SUMMER 2024,7/18/23,614,"$17,311.00 ",PRE-BOOK
SUMMER 2024,7/19/23,591,"$13,552.00 ",PRE-BOOK
SUMMER 2024,7/20/23,3806,"$85,214.80 ",PRE-BOOK
SUMMER 2024,7/21/23,1068,"$22,448.77 ",PRE-BOOK
SUMMER 2024,7/22/23,67,$882.45 ,PRE-BOOK
SUMMER 2024,7/23/23,1620,"$38,263.50 ",PRE-BOOK
SUMMER 2024,7/24/23,1260,"$28,327.00 ",PRE-BOOK
SUMMER 2024,7/25/23,3683,"$86,628.10 ",PRE-BOOK
SUMMER 2024,7/26/23,812,"$15,687.97 ",PRE-BOOK
SUMMER 2024,7/27/23,2767,"$57,619.27 ",PRE-BOOK
SUMMER 2024,7/28/23,4183,"$98,881.65 ",PRE-BOOK
SUMMER 2024,7/29/23,248,"$7,054.50 ",PRE-BOOK
SUMMER 2024,7/30/23,2409,"$52,648.45 ",PRE-BOOK
SUMMER 2024,7/31/23,13660,"$260,275.07 ",PRE-BOOK
SUMMER 2024,8/1/23,7136,"$170,933.51 ",PRE-BOOK
SUMMER 2024,8/2/23,4085,"$98,812.10 ",Post Deadline
SUMMER 2024,8/3/23,1093,"$24,303.00 ",Post Deadline
SUMMER 2024,8/4/23,2343,"$48,787.85 ",Post Deadline
SUMMER 2024,8/7/23,2677,"$55,215.25 ",Post Deadline
SUMMER 2024,8/8/23,374,"$9,891.05 ",Post Deadline
SUMMER 2024,8/9/23,970,"$21,052.10 ",Post Deadline
SUMMER 2024,8/10/23,149,"$3,107.50 ",Post Deadline
SUMMER 2024,8/11/23,287,"$8,857.50 ",Post Deadline
SUMMER 2024,8/14/23,947,"$25,079.70 ",Post Deadline
SUMMER 2024,8/18/23,300,"$7,014.39 ",Post Deadline
SUMMER 2024,8/23/23,342,"$5,141.00 ",Post Deadline
SUMMER 2024,8/24/23,32,$953.00 ,Post Deadline
SUMMER 2024,8/27/23,566,"$9,759.15 ",Post Deadline
SUMMER 2024,8/30/23,91,"$2,781.06 ",Post Deadline
SUMMER 2024,9/1/23,2670,"$48,696.99 ",Post Deadline
SUMMER 2024,9/4/23,117,"$3,464.50 ",Post Deadline
SUMMER 2024,9/7/23,268,"$4,161.50 ",Post Deadline
SUMMER 2024,9/10/23,56,"$1,100.75 ",Post Deadline
SUMMER 2024,9/11/23,29,$925.00 ,Post Deadline
SUMMER 2024,9/12/23,219,"$3,667.00 ",Post Deadline
SUMMER 2024,9/14/23,173,"$4,452.50 ",Post Deadline
SUMMER 2024,9/25/23,233,"$5,123.29 ",Post Deadline
SUMMER 2024,9/28/23,152,"$3,592.50 ",Post Deadline
SUMMER 2024,9/29/23,160,"$3,894.50 ",Post Deadline
SUMMER 2024,10/3/23,180,"$3,335.85 ",Post Deadline
SUMMER 2024,10/4/23,123,"$3,255.00 ",Post Deadline
SUMMER 2024,10/8/23,110,"$2,521.00 ",Post Deadline
SUMMER 2024,10/18/23,21,$307.99 ,Post Deadline
SUMMER 2024,10/25/23,24,$376.00 ,Post Deadline
SUMMER 2024,10/26/23,401,"$8,094.50 ",Post Deadline
SUMMER 2024,11/1/23,144,"$3,315.55 ",Post Deadline
SUMMER 2024,11/7/23,100,"$2,255.50 ",Post Deadline
SUMMER 2024,11/30/23,29,"$1,046.00 ",Post Deadline
SUMMER 2024,12/2/23,40,"$1,157.50 ",Post Deadline
SUMMER 2024,12/4/23,371,"$8,123.50 ",Post Deadline
SUMMER 2024,12/7/23,151,"$3,766.00 ",Post Deadline
SUMMER 2024,12/9/23,218,"$5,550.50 ",Post Deadline
SUMMER 2024,12/11/23,190,"$5,318.00 ",Post Deadline
SUMMER 2024,12/12/23,31,$676.50 ,Post Deadline
SUMMER 2024,12/14/23,100,"$1,691.00 ",Post Deadline
SUMMER 2024,12/17/23,105,"$3,158.50 ",Post Deadline
SUMMER 2024,12/18/23,277,"$5,275.70 ",Post Deadline
SUMMER 2024,12/21/23,86,"$2,191.50 ",Post Deadline
SUMMER 2024,12/27/23,496,"$11,751.00 ",Post Deadline
SUMMER 2024,12/29/23,123,"$3,812.00 ",Post Deadline
SUMMER 2024,1/8/24,56,"$1,914.00 ",Post Deadline
SUMMER 2024,1/9/24,255,"$5,944.00 ",Post Deadline
SUMMER 2024,1/10/24,89,"$2,463.50 ",Post Deadline
SUMMER 2024,1/11/24,482,"$11,721.50 ",Post Deadline
SUMMER 2024,1/13/24,78,"$1,612.00 ",Post Deadline
SUMMER 2024,1/16/24,304,"$7,333.50 ",Post Deadline
SUMMER 2024,1/18/24,24,$372.00 ,Post Deadline
SUMMER 2024,1/20/24,96,"$2,622.50 ",Post Deadline
SUMMER 2024,1/22/24,31,"$1,011.50 ",Post Deadline
SUMMER 2024,1/25/24,301,"$6,467.20 ",Post Deadline
SUMMER 2024,1/26/24,56,$946.50 ,Post Deadline
SUMMER 2024,2/1/24,11,$170.50 ,AO
SUMMER 2024,2/3/24,42,$627.75 ,AO
SUMMER 2024,2/5/24,31,$480.50 ,AO
SUMMER 2024,2/6/24,232,"$3,879.00 ",AO
SUMMER 2024,2/11/24,45,"$1,445.00 ",AO
SUMMER 2024,2/12/24,105,$744.00 ,AO
SUMMER 2024,2/17/24,159,"$2,437.50 ",AO
SUMMER 2024,2/28/24,173,"$3,892.00 ",AO
SUMMER 2024,3/4/24,531,"$11,178.50 ",AO
SUMMER 2024,3/5/24,19,$643.46 ,AO
SUMMER 2024,3/6/24,68,"$1,931.43 ",AO
SUMMER 2024,3/8/24,114,"$2,458.70 ",AO
SUMMER 2024,3/9/24,11,$181.50 ,AO
SUMMER 2024,3/11/24,130,"$2,374.35 ",AO
SUMMER 2024,3/13/24,243,"$5,288.00 ",AO
SUMMER 2024,3/20/24,76,"$1,790.00 ",AO
SUMMER 2024,3/22/24,45,"$1,810.00 ",AO
SUMMER 2024,3/27/24,138,"$2,711.00 ",AO
SUMMER 2024,3/28/24,19,$618.50 ,AO
SUMMER 2024,3/29/24,32,$528.00 ,AO
SUMMER 2024,3/30/24,18,$545.52 ,AO
SUMMER 2024,3/31/24,35,$987.50 ,AO
SUMMER 2024,4/1/24,29,$775.35 ,AO
SUMMER 2024,4/2/24,277,"$4,010.90 ",AO
SUMMER 2024,4/3/24,407,"$10,129.27 ",AO
SUMMER 2024,4/4/24,46,"$1,163.50 ",AO
SUMMER 2024,4/5/24,68,"$1,259.00 ",AO
SUMMER 2024,4/6/24,39,"$1,281.00 ",AO
SUMMER 2024,4/7/24,59,"$1,583.42 ",AO
SUMMER 2024,4/8/24,181,"$3,357.00 ",AO
SUMMER 2024,4/9/24,627,"$10,234.85 ",AO
SUMMER 2024,4/10/24,44,"$1,099.00 ",AO
SUMMER 2024,4/11/24,103,"$6,246.00 ",AO
SUMMER 2024,4/12/24,18,$612.00 ,AO
SUMMER 2024,4/13/24,68,"$1,690.50 ",AO
SUMMER 2024,4/14/24,4,$123.50 ,AO
SUMMER 2024,4/16/24,9,$195.00 ,AO
SUMMER 2024,4/18/24,117,"$2,309.50 ",AO
SUMMER 2024,4/19/24,128,"$2,446.20 ",AO
SUMMER 2024,4/22/24,19,$303.00 ,AO
SUMMER 2024,4/24/24,11,$313.50 ,AO
SUMMER 2024,4/26/24,45,"$1,342.50 ",AO
SUMMER 2024,4/27/24,10,$440.00 ,AO
SUMMER 2024,4/30/24,40,"$1,076.00 ",AO
SUMMER 2024,5/1/24,55,"$1,039.50 ",AO
SUMMER 2024,5/2/24,88,"$2,801.07 ",AO
SUMMER 2024,5/3/24,9,$201.00 ,AO
SUMMER 2024,5/4/24,2,$63.00 ,AO
SUMMER 2024,5/5/24,17,$569.50 ,AO
SUMMER 2024,5/6/24,24,$414.45 ,AO
SUMMER 2024,5/7/24,2,$0.00 ,AO
SUMMER 2024,5/8/24,51,"$1,624.00 ",AO
SUMMER 2024,5/12/24,66,"$1,824.00 ",AO
SUMMER 2024,5/13/24,99,"$1,920.53 ",AO
SUMMER 2024,5/15/24,8,$272.00 ,AO
SUMMER 2024,5/16/24,10,$324.00 ,AO
SUMMER 2024,5/17/24,23,$906.00 ,AO
SUMMER 2024,5/18/24,12,$187.00 ,AO
SUMMER 2024,5/20/24,76,"$1,974.65 ",AO
SUMMER 2024,5/21/24,70,"$1,886.00 ",AO
SUMMER 2024,5/22/24,11,$322.00 ,AO
SUMMER 2024,5/25/24,44,"$1,589.00 ",AO
SUMMER 2024,5/28/24,293,"$5,871.35 ",AO
SUMMER 2024,5/29/24,36,$922.48 ,AO
SUMMER 2024,5/30/24,87,"$2,600.50 ",AO
SUMMER 2024,5/31/24,40,"$1,165.15 ",AO
SUMMER 2024,6/1/24,17,$393.30 ,AO
SUMMER 2024,6/2/24,10,$388.00 ,AO
SUMMER 2024,6/4/24,80,"$2,529.00 ",AO
SUMMER 2024,6/5/24,96,"$2,347.15 ",AO
SUMMER 2024,6/6/24,342,"$10,068.50 ",AO
SUMMER 2024,6/7/24,58,"$1,177.00 ",AO
SUMMER 2024,6/8/24,96,"$3,206.99 ",AO
SUMMER 2024,6/9/24,45,"$1,085.00 ",AO
SUMMER 2024,6/10/24,3,$33.00 ,AO
SUMMER 2024,6/11/24,212,"$5,808.50 ",AO
SUMMER 2024,6/12/24,134,"$2,873.13 ",AO
SUMMER 2024,6/14/24,23,$483.50 ,AO
SUMMER 2024,6/15/24,86,"$1,902.50 ",AO
SUMMER 2024,6/17/24,24,$709.00 ,AO
SUMMER 2024,6/18/24,88,"$1,612.40 ",AO
SUMMER 2024,6/19/24,14,$441.00 ,AO
SUMMER 2024,6/20/24,307,"$6,569.00 ",AO
SUMMER 2024,6/21/24,43,$684.45 ,AO
SUMMER 2024,6/22/24,113,"$2,625.00 ",AO
SUMMER 2024,6/23/24,73,"$1,558.50 ",AO
SUMMER 2024,6/24/24,92,"$2,790.50 ",AO
SUMMER 2024,6/25/24,179,"$3,982.00 ",AO
SUMMER 2024,6/26/24,75,"$1,319.85 ",AO
SUMMER 2024,6/27/24,55,$940.00 ,AO
SUMMER 2024,6/28/24,12,$216.50 ,AO
SUMMER 2024,7/1/24,119,"$1,854.55 ",AO
SUMMER 2024,7/2/24,34,$922.30 ,AO
SUMMER 2024,7/3/24,44,$500.00 ,AO
SUMMER 2024,7/5/24,65,$833.80 ,AO
SUMMER 2024,7/6/24,1,$26.50 ,AO
SUMMER 2024,7/7/24,9,$148.50 ,AO
SUMMER 2024,7/8/24,442,"$9,554.81 ",AO
SUMMER 2024,7/9/24,20,$521.50 ,AO
SUMMER 2024,7/11/24,19,$755.50 ,AO
SUMMER 2024,7/12/24,33,$912.60 ,AO
SUMMER 2024,7/13/24,43,$890.10 ,AO
SUMMER 2024,7/16/24,4,$297.00 ,AO
SUMMER 2024,7/17/24,3,$113.50 ,AO
SUMMER 2024,7/18/24,53,"$1,449.50 ",AO
SUMMER 2024,7/21/24,1,$39.00 ,AO
SUMMER 2024,7/22/24,13,$372.60 ,AO
SUMMER 2024,7/23/24,56,"$1,097.00 ",AO
SUMMER 2024,7/27/24,12,$198.00 ,AO
SUMMER 2024,7/29/24,33,$511.50 ,AO
SUMMER 2024,9/15/24,12,"$2,592.00 ",AO
SUMMER 2024,,100039,"$2,265,264.86 ",
SUMMER 2025,5/31/24,159,"$4,978.89 ",PRE-BOOK
SUMMER 2025,6/3/24,229,"$6,826.19 ",PRE-BOOK
SUMMER 2025,6/4/24,49,"$1,128.50 ",PRE-BOOK
SUMMER 2025,6/5/24,70,"$2,515.00 ",PRE-BOOK
SUMMER 2025,6/6/24,55,"$1,248.50 ",PRE-BOOK
SUMMER 2025,6/10/24,352,"$9,773.72 ",PRE-BOOK
SUMMER 2025,6/11/24,867,"$22,179.48 ",PRE-BOOK
SUMMER 2025,6/13/24,134,"$3,733.00 ",PRE-BOOK
SUMMER 2025,6/16/24,304,"$4,051.50 ",PRE-BOOK
SUMMER 2025,6/19/24,1270,"$28,968.09 ",PRE-BOOK
SUMMER 2025,6/20/24,198,"$4,932.34 ",PRE-BOOK
SUMMER 2025,6/21/24,654,"$13,642.58 ",PRE-BOOK
SUMMER 2025,6/22/24,403,"$10,120.40 ",PRE-BOOK
SUMMER 2025,6/23/24,534,"$14,253.31 ",PRE-BOOK
SUMMER 2025,6/24/24,224,"$6,961.00 ",PRE-BOOK
SUMMER 2025,6/25/24,691,"$13,863.63 ",PRE-BOOK
SUMMER 2025,6/26/24,146,"$4,410.00 ",PRE-BOOK
SUMMER 2025,6/27/24,140,"$2,480.00 ",PRE-BOOK
SUMMER 2025,6/28/24,77,"$2,343.50 ",PRE-BOOK
SUMMER 2025,6/29/24,143,"$4,539.78 ",PRE-BOOK
SUMMER 2025,7/1/24,4863,"$112,944.98 ",PRE-BOOK
SUMMER 2025,7/2/24,1912,"$43,372.96 ",PRE-BOOK
SUMMER 2025,7/3/24,56,"$1,348.50 ",PRE-BOOK
SUMMER 2025,7/5/24,230,"$6,285.23 ",PRE-BOOK
SUMMER 2025,7/8/24,1492,"$40,836.57 ",PRE-BOOK
SUMMER 2025,7/9/24,2902,"$70,227.35 ",PRE-BOOK
SUMMER 2025,7/10/24,2558,"$69,919.97 ",PRE-BOOK
SUMMER 2025,7/11/24,3588,"$97,568.84 ",PRE-BOOK
SUMMER 2025,7/12/24,5021,"$120,485.82 ",PRE-BOOK
SUMMER 2025,7/13/24,355,"$7,091.77 ",PRE-BOOK
SUMMER 2025,7/14/24,882,"$23,789.01 ",PRE-BOOK
SUMMER 2025,7/15/24,11985,"$295,575.55 ",PRE-BOOK
SUMMER 2025,7/16/24,4311,"$108,222.97 ",PRE-BOOK
SUMMER 2025,7/17/24,4507,"$107,028.21 ",PRE-BOOK
SUMMER 2025,7/18/24,4154,"$99,332.20 ",PRE-BOOK
SUMMER 2025,7/19/24,2948,"$69,422.77 ",PRE-BOOK
SUMMER 2025,7/22/24,5896,"$151,182.28 ",PRE-BOOK
SUMMER 2025,7/23/24,2416,"$58,294.00 ",PRE-BOOK
SUMMER 2025,7/24/24,404,"$7,765.18 ",PRE-BOOK
SUMMER 2025,7/25/24,216,"$5,096.61 ",PRE-BOOK
SUMMER 2025,7/28/24,210,"$5,349.00 ",PRE-BOOK
SUMMER 2025,7/29/24,632,"$18,793.50 ",PRE-BOOK
SUMMER 2025,7/30/24,374,"$10,647.00 ",PRE-BOOK
SUMMER 2025,7/31/24,5976,"$162,856.40 ",PRE-BOOK
SUMMER 2025,8/5/24,95,"$2,649.50 ",Post Deadline
SUMMER 2025,8/6/24,126,"$3,156.30 ",Post Deadline
SUMMER 2025,8/14/24,42,$966.00 ,Post Deadline
SUMMER 2025,8/15/24,130,"$3,618.00 ",Post Deadline
SUMMER 2025,8/21/24,35,"$1,317.50 ",Post Deadline
SUMMER 2025,8/24/24,150,"$3,600.00 ",Post Deadline
SUMMER 2025,8/30/24,115,"$2,587.44 ",Post Deadline
SUMMER 2025,9/6/24,408,"$10,813.50 ",Post Deadline
SUMMER 2025,9/10/24,67,"$1,377.50 ",Post Deadline
SUMMER 2025,9/11/24,173,"$5,105.50 ",Post Deadline
SUMMER 2025,9/13/24,14,$768.00 ,Post Deadline
SUMMER 2025,9/16/24,176,"$5,136.46 ",Post Deadline
SUMMER 2025,9/20/24,17,$498.00 ,Post Deadline
SUMMER 2025,9/26/24,77,"$1,260.00 ",Post Deadline
SUMMER 2025,10/10/24,319,"$8,520.50 ",Post Deadline
SUMMER 2025,10/22/24,294,"$5,977.00 ",Post Deadline
SUMMER 2025,10/28/24,85,"$2,106.50 ",Post Deadline
SUMMER 2025,11/4/24,96,"$3,088.00 ",Post Deadline
SUMMER 2025,11/6/24,93,"$2,341.50 ",Post Deadline
SUMMER 2025,11/7/24,104,"$2,296.00 ",Post Deadline
SUMMER 2025,11/8/24,43,"$1,442.50 ",Post Deadline
SUMMER 2025,11/14/24,44,$685.50 ,Post Deadline
SUMMER 2025,11/18/24,144,"$4,072.50 ",Post Deadline
SUMMER 2025,11/29/24,5,$152.50 ,Post Deadline
SUMMER 2025,12/1/24,23,$755.50 ,Post Deadline
SUMMER 2025,12/3/24,83,"$1,401.50 ",Post Deadline
SUMMER 2025,12/11/24,38,"$1,163.00 ",Post Deadline
SUMMER 2025,12/12/24,65,"$1,721.50 ",Post Deadline
SUMMER 2025,12/13/24,62,"$1,728.00 ",Post Deadline
SUMMER 2025,12/14/24,183,"$3,746.50 ",Post Deadline
SUMMER 2025,12/15/24,65,"$1,840.50 ",Post Deadline
SUMMER 2025,12/16/24,191,"$4,781.50 ",Post Deadline
SUMMER 2025,12/23/24,10,$203.00 ,Post Deadline
SUMMER 2025,12/27/24,47,"$1,426.95 ",Post Deadline
SUMMER 2025,12/29/24,72,"$2,495.00 ",Post Deadline
SUMMER 2025,12/31/24,12,$198.00 ,Post Deadline
SUMMER 2025,1/4/25,17,$637.50 ,Post Deadline
SUMMER 2025,1/6/25,50,$832.00 ,Post Deadline
SUMMER 2025,1/8/25,72,"$1,231.20 ",Post Deadline
SUMMER 2025,1/13/25,178,"$5,312.50 ",Post Deadline
SUMMER 2025,1/16/25,50,"$1,020.00 ",Post Deadline
SUMMER 2025,1/19/25,17,$607.00 ,Post Deadline
SUMMER 2025,1/20/25,23,"$1,168.00 ",Post Deadline
SUMMER 2025,1/24/25,88,"$2,732.00 ",Post Deadline
SUMMER 2025,1/27/25,52,"$1,419.00 ",Post Deadline
SUMMER 2025,1/29/25,259,"$5,324.50 ",Post Deadline
SUMMER 2025,1/30/25,267,"$5,168.50 ",Post Deadline
SUMMER 2025,1/31/25,48,"$1,555.20 ",Post Deadline
SUMMER 2025,2/2/25,90,"$3,153.00 ",AO
SUMMER 2025,2/4/25,68,$68.00 ,AO
SUMMER 2025,2/6/25,322,"$8,222.71 ",AO
SUMMER 2025,2/11/25,64,"$1,549.00 ",AO
SUMMER 2025,2/12/25,1108,"$18,329.75 ",AO
SUMMER 2025,2/14/25,35,$582.50 ,AO
SUMMER 2025,2/17/25,61,"$1,433.10 ",AO
SUMMER 2025,2/21/25,39,$945.50 ,AO
SUMMER 2025,2/24/25,66,"$1,402.90 ",AO
SUMMER 2025,2/25/25,195,"$3,871.00 ",AO
SUMMER 2025,2/26/25,3,$100.50 ,AO
SUMMER 2025,2/28/25,33,$561.00 ,AO
SUMMER 2025,3/2/25,49,"$1,438.50 ",AO
SUMMER 2025,3/3/25,210,"$5,836.00 ",AO
SUMMER 2025,3/4/25,4,$150.00 ,AO
SUMMER 2025,3/5/25,58,"$1,673.00 ",AO
SUMMER 2025,3/7/25,205,"$5,090.50 ",AO
SUMMER 2025,3/8/25,269,"$5,219.50 ",AO
SUMMER 2025,3/9/25,35,$868.50 ,AO
SUMMER 2025,3/10/25,106,"$2,572.00 ",AO
SUMMER 2025,3/11/25,69,"$1,714.50 ",AO
SUMMER 2025,3/13/25,71,"$1,837.00 ",AO
SUMMER 2025,3/14/25,665,"$6,538.50 ",AO
SUMMER 2025,3/17/25,45,$833.50 ,AO
SUMMER 2025,3/18/25,207,"$5,930.50 ",AO
SUMMER 2025,3/19/25,322,"$4,294.96 ",AO
SUMMER 2025,3/20/25,12,$418.00 ,AO
SUMMER 2025,3/21/25,44,$746.00 ,AO
SUMMER 2025,3/22/25,91,"$1,863.75 ",AO
SUMMER 2025,3/24/25,54,$817.50 ,AO
SUMMER 2025,3/26/25,190,"$5,052.00 ",AO
SUMMER 2025,3/27/25,17,$263.29 ,AO
SUMMER 2025,3/28/25,50,$375.00 ,AO
SUMMER 2025,3/31/25,88,"$2,077.00 ",AO
SUMMER 2025,4/1/25,199,"$4,955.00 ",AO
SUMMER 2025,4/3/25,359,"$8,845.50 ",AO
SUMMER 2025,4/4/25,36,$468.00 ,AO
SUMMER 2025,4/5/25,255,"$4,367.65 ",AO
SUMMER 2025,4/7/25,301,"$5,738.40 ",AO
SUMMER 2025,4/8/25,168,"$2,792.20 ",AO
SUMMER 2025,4/9/25,35,$767.70 ,AO
SUMMER 2025,4/10/25,589,"$13,321.95 ",AO
SUMMER 2025,4/12/25,41,$971.50 ,AO
SUMMER 2025,4/13/25,142,"$1,846.00 ",AO
SUMMER 2025,4/14/25,308,"$5,385.00 ",AO
SUMMER 2025,4/15/25,66,"$1,627.00 ",AO
SUMMER 2025,4/16/25,94,"$1,541.08 ",AO
SUMMER 2025,4/17/25,37,$481.00 ,AO
SUMMER 2025,4/18/25,79,"$1,740.00 ",AO
SUMMER 2025,4/21/25,122,"$3,035.62 ",AO
SUMMER 2025,4/22/25,56,"$1,175.60 ",AO
SUMMER 2025,4/23/25,401,"$9,513.40 ",AO
SUMMER 2025,4/25/25,1,$40.95 ,AO
SUMMER 2025,4/27/25,151,"$3,717.07 ",AO
SUMMER 2025,4/28/25,91,"$2,088.65 ",AO
SUMMER 2025,4/29/25,99,"$2,956.26 ",AO
SUMMER 2025,4/30/25,350,"$8,448.33 ",AO
SUMMER 2025,5/2/25,112,"$2,490.76 ",AO
SUMMER 2025,5/3/25,2,$67.00 ,AO
SUMMER 2025,5/5/25,24,$785.00 ,AO
SUMMER 2025,5/6/25,297,"$4,943.43 ",AO
SUMMER 2025,5/7/25,61,$769.50 ,AO
SUMMER 2025,5/8/25,9,$238.50 ,AO
SUMMER 2025,5/9/25,2,$81.00 ,AO
SUMMER 2025,5/12/25,103,"$2,701.50 ",AO
SUMMER 2025,5/13/25,59,"$1,442.00 ",AO
SUMMER 2025,5/14/25,14,$469.00 ,AO
SUMMER 2025,5/15/25,30,$853.00 ,AO
SUMMER 2025,5/16/25,244,"$4,759.02 ",AO
SUMMER 2025,5/18/25,71,$449.50 ,AO
SUMMER 2025,5/19/25,462,"$10,817.15 ",AO
SUMMER 2025,5/20/25,196,"$4,320.74 ",AO
SUMMER 2025,5/21/25,74,"$1,595.70 ",AO
SUMMER 2025,5/22/25,82,"$2,423.00 ",AO
SUMMER 2025,5/23/25,24,$634.42 ,AO
SUMMER 2025,5/24/25,97,"$1,928.50 ",AO
SUMMER 2025,5/25/25,7,$115.50 ,AO
SUMMER 2025,5/26/25,52,$866.00 ,AO
SUMMER 2025,5/27/25,407,"$9,657.07 ",AO
SUMMER 2025,5/28/25,605,"$10,626.35 ",AO
SUMMER 2025,5/29/25,441,"$8,489.67 ",AO
SUMMER 2025,5/30/25,93,"$2,324.80 ",AO
SUMMER 2025,5/31/25,7,$169.50 ,AO
SUMMER 2025,6/2/25,29,$930.50 ,AO
SUMMER 2025,6/3/25,52,"$1,155.00 ",AO
SUMMER 2025,6/4/25,6,$153.90 ,AO
SUMMER 2025,6/6/25,27,$788.02 ,AO
SUMMER 2025,6/7/25,8,$267.00 ,AO
SUMMER 2025,6/8/25,11,$377.50 ,AO
SUMMER 2025,6/9/25,137,"$3,274.00 ",AO
SUMMER 2025,6/10/25,53,"$1,832.50 ",AO
SUMMER 2025,6/11/25,162,"$5,163.20 ",AO
SUMMER 2025,6/12/25,18,$535.00 ,AO
SUMMER 2025,6/13/25,66,"$2,268.00 ",AO
SUMMER 2025,6/14/25,121,"$3,131.50 ",AO
SUMMER 2025,6/15/25,98,"$3,108.00 ",AO
SUMMER 2025,6/16/25,26,$685.00 ,AO
SUMMER 2025,6/17/25,421,"$9,031.70 ",AO
SUMMER 2025,6/18/25,55,"$1,542.00 ",AO
SUMMER 2025,6/19/25,14,$514.50 ,AO
SUMMER 2025,6/20/25,20,$639.00 ,AO
SUMMER 2025,6/22/25,13,$214.50 ,AO
SUMMER 2025,6/23/25,166,"$4,593.50 ",AO
SUMMER 2025,6/24/25,351,"$5,607.52 ",AO
SUMMER 2025,6/25/25,23,$406.50 ,AO
SUMMER 2025,6/26/25,186,"$2,884.00 ",AO
SUMMER 2025,6/27/25,72,"$1,463.40 ",AO
SUMMER 2025,6/30/25,218,"$3,127.85 ",AO
SUMMER 2025,7/1/25,805,"$14,386.50 ",AO
SUMMER 2025,7/2/25,402,"$9,955.58 ",AO
SUMMER 2025,7/3/25,150,"$2,691.70 ",AO
SUMMER 2025,7/4/25,24,$387.00 ,AO
SUMMER 2025,7/5/25,157,"$2,763.36 ",AO
SUMMER 2025,7/6/25,68,"$1,286.50 ",AO
SUMMER 2025,7/7/25,195,"$3,820.98 ",AO
SUMMER 2025,7/8/25,910,"$18,330.80 ",AO
SUMMER 2025,7/10/25,36,$630.00 ,AO
SUMMER 2025,7/11/25,26,$600.52 ,AO
SUMMER 2025,7/13/25,2,$73.00 ,AO
SUMMER 2025,7/14/25,444,"$9,346.80 ",AO
SUMMER 2025,7/15/25,209,"$4,112.40 ",AO
SUMMER 2025,7/16/25,129,"$2,962.60 ",AO
SUMMER 2025,7/17/25,84,"$1,006.60 ",AO
SUMMER 2025,7/18/25,335,"$7,381.50 ",AO
SUMMER 2025,7/19/25,49,"$1,243.90 ",AO
SUMMER 2025,7/21/25,326,"$4,961.25 ",AO
SUMMER 2025,7/22/25,177,"$2,487.80 ",AO
SUMMER 2025,7/23/25,232,"$5,350.45 ",AO
SUMMER 2025,7/24/25,132,"$1,707.30 ",AO
SUMMER 2025,7/26/25,5,$55.30 ,AO
SUMMER 2025,7/28/25,176,"$3,763.43 ",AO
SUMMER 2025,7/29/25,36,$752.85 ,AO
SUMMER 2025,7/30/25,15,$430.85 ,AO
SUMMER 2025,7/31/25,40,$741.65 ,AO
SUMMER 2025,8/2/25,2,$0.00 ,AO
SUMMER 2025,8/3/25,20,$343.00 ,AO
SUMMER 2025,8/5/25,27,$590.10 ,AO
SUMMER 2025,8/6/25,63,"$1,075.55 ",AO
SUMMER 2025,8/7/25,80,"$1,770.30 ",AO
SUMMER 2025,8/12/25,154,"$3,014.55 ",AO
SUMMER 2025,8/18/25,75,$53.55 ,(none)
SUMMER 2025,8/19/25,37,"$1,173.90 ",AO
SUMMER 2025,8/23/25,33,$742.70 ,AO
SUMMER 2025,8/25/25,21,$504.00 ,AO
SUMMER 2025,8/29/25,36,$578.90 ,AO
SUMMER 2025,9/4/25,10,$238.70 ,AO
SUMMER 2025,9/19/25,37,$906.85 ,AO
SUMMER 2025,9/25/25,130,$0.00 ,(none)
SUMMER 2025,9/30/25,48,$568.40 ,AO
SUMMER 2025,1/7/26,48,"$1,272.00 ",AO
Summer 2025,1/21/26,2,$57.40 ,AO
SUMMER 2025,,100251,"$2,401,874.67 ",
SUMMER 2026,2/24/25,50,$781.20 ,Special Drop
SUMMER 2026,6/3/25,55,"$1,377.50 ",PRE-BOOK
SUMMER 2026,6/4/25,158,"$4,623.00 ",PRE-BOOK
SUMMER 2026,6/5/25,387,"$10,801.28 ",PRE-BOOK
SUMMER 2026,6/9/25,179,"$4,107.67 ",PRE-BOOK
SUMMER 2026,6/10/25,563,"$15,386.62 ",PRE-BOOK
SUMMER 2026,6/11/25,42,$679.14 ,PRE-BOOK
SUMMER 2026,6/17/25,440,"$7,143.08 ",PRE-BOOK
SUMMER 2026,6/18/25,328,"$5,947.74 ",PRE-BOOK
SUMMER 2026,6/20/25,752,"$19,863.73 ",PRE-BOOK
SUMMER 2026,6/21/25,1971,"$41,835.30 ",PRE-BOOK
SUMMER 2026,6/22/25,244,"$6,520.76 ",PRE-BOOK
SUMMER 2026,6/24/25,981,"$19,551.91 ",PRE-BOOK
SUMMER 2026,6/25/25,658,"$13,784.10 ",PRE-BOOK
SUMMER 2026,6/26/25,471,"$12,222.62 ",PRE-BOOK
SUMMER 2026,6/27/25,75,"$2,023.50 ",PRE-BOOK
SUMMER 2026,6/29/25,304,"$7,245.62 ",PRE-BOOK
SUMMER 2026,6/30/25,2552,"$51,469.21 ",PRE-BOOK
SUMMER 2026,7/1/25,462,"$12,125.70 ",PRE-BOOK
SUMMER 2026,7/2/25,659,"$15,131.16 ",PRE-BOOK
SUMMER 2026,7/3/25,125,"$4,080.50 ",PRE-BOOK
SUMMER 2026,7/5/25,135,"$1,469.50 ",PRE-BOOK
SUMMER 2026,7/6/25,1172,"$25,744.50 ",PRE-BOOK
SUMMER 2026,7/7/25,729,"$15,568.60 ",PRE-BOOK
SUMMER 2026,7/8/25,2302,"$61,889.31 ",PRE-BOOK
SUMMER 2026,7/9/25,1381,"$34,515.07 ",PRE-BOOK
SUMMER 2026,7/10/25,3693,"$93,243.61 ",PRE-BOOK
SUMMER 2026,7/11/25,6350,"$138,053.54 ",PRE-BOOK
SUMMER 2026,7/12/25,1386,"$35,549.35 ",PRE-BOOK
SUMMER 2026,7/13/25,83,"$2,384.34 ",PRE-BOOK
SUMMER 2026,7/14/25,22039,"$563,327.97 ",PRE-BOOK
SUMMER 2026,7/15/25,5797,"$137,909.93 ",PRE-BOOK
SUMMER 2026,7/16/25,4292,"$89,593.05 ",PRE-BOOK
SUMMER 2026,7/17/25,4760,"$121,241.33 ",PRE-BOOK
SUMMER 2026,7/18/25,1443,"$32,179.13 ",PRE-BOOK
SUMMER 2026,7/19/25,210,"$4,780.00 ",PRE-BOOK
SUMMER 2026,7/20/25,245,"$5,941.50 ",PRE-BOOK
SUMMER 2026,7/21/25,5835,"$134,118.48 ",PRE-BOOK
SUMMER 2026,7/22/25,1170,"$29,742.45 ",PRE-BOOK
SUMMER 2026,7/23/25,1038,"$21,411.86 ",PRE-BOOK
SUMMER 2026,7/24/25,254,"$4,385.50 ",PRE-BOOK
SUMMER 2026,7/25/25,5166,"$129,781.80 ",PRE-BOOK
SUMMER 2026,7/28/25,367,"$10,884.00 ",PRE-BOOK
SUMMER 2026,7/29/25,1089,"$21,587.85 ",PRE-BOOK
SUMMER 2026,7/30/25,468,"$10,752.40 ",PRE-BOOK
SUMMER 2026,8/1/25,1874,"$31,894.11 ",Post Deadline
SUMMER 2026,8/2/25,86,"$2,361.00 ",Post Deadline
SUMMER 2026,8/4/25,123,"$3,212.50 ",Post Deadline
SUMMER 2026,8/6/25,122,"$3,768.00 ",Post Deadline
SUMMER 2026,8/19/25,209,"$5,841.50 ",Post Deadline
SUMMER 2026,8/23/25,47,"$1,559.50 ",Post Deadline
SUMMER 2026,8/27/25,244,"$7,205.11 ",Post Deadline
SUMMER 2026,9/5/25,34,$787.97 ,Post Deadline
SUMMER 2026,9/7/25,131,"$3,529.00 ",Post Deadline
SUMMER 2026,9/8/25,113,"$4,060.50 ",Post Deadline
SUMMER 2026,9/10/25,22,$780.50 ,Post Deadline
SUMMER 2026,9/12/25,271,"$6,107.32 ",Post Deadline
SUMMER 2026,9/18/25,190,"$5,470.10 ",Post Deadline
SUMMER 2026,9/22/25,397,"$9,659.25 ",Post Deadline
SUMMER 2026,9/24/25,114,"$2,611.00 ",Post Deadline
SUMMER 2026,9/25/25,99,"$2,113.50 ",Post Deadline
SUMMER 2026,10/7/25,133,"$4,332.47 ",Post Deadline
SUMMER 2026,10/14/25,276,"$4,968.00 ",Post Deadline
SUMMER 2026,10/15/25,313,"$5,070.60 ",Post Deadline
SUMMER 2026,10/16/25,825,"$13,644.00 ",Post Deadline
SUMMER 2026,10/20/25,212,"$3,816.00 ",Post Deadline
SUMMER 2026,10/22/25,97,"$1,947.74 ",Post Deadline
SUMMER 2026,10/27/25,24,$751.00 ,Post Deadline
SUMMER 2026,10/28/25,551,"$6,684.91 ",Post Deadline
SUMMER 2026,10/29/25,42,$508.98 ,Post Deadline
SUMMER 2026,10/31/25,36,$842.40 ,Post Deadline
SUMMER 2026,11/17/25,22,$659.00 ,Post Deadline
SUMMER 2026,11/27/25,168,"$3,568.57 ",Post Deadline
SUMMER 2026,12/2/25,88,"$2,411.00 ",Post Deadline
SUMMER 2026,12/8/25,34,$891.00 ,Post Deadline
SUMMER 2026,12/9/25,88,"$2,950.00 ",Post Deadline
SUMMER 2026,12/10/25,220,"$4,044.00 ",Post Deadline
SUMMER 2026,12/11/25,135,"$4,501.50 ",Post Deadline
SUMMER 2026,12/15/25,284,"$6,480.00 ",Post Deadline
SUMMER 2026,12/17/25,426,"$9,731.80 ",Post Deadline
SUMMER 2026,12/18/25,141,"$4,032.50 ",Post Deadline
SUMMER 2026,12/19/25,202,"$5,625.00 ",Post Deadline
SUMMER 2026,12/21/25,93,"$2,899.50 ",Post Deadline
SUMMER 2026,12/22/25,172,"$4,801.00 ",Post Deadline
SUMMER 2026,12/29/25,4,$46.00 ,Post Deadline
SUMMER 2026,1/7/26,448,"$9,525.60 ",Post Deadline
SUMMER 2026,1/8/26,20,$594.00 ,Post Deadline
SUMMER 2026,1/11/26,14,$231.00 ,Special Drop
SUMMER 2026,1/12/26,1176,"$25,217.60 ",Post Deadline
SUMMER 2026,1/14/26,504,"$10,197.35 ",Post Deadline
SUMMER 2026,1/15/26,348,"$7,060.77 ",Special Drop
SUMMER 2026,1/16/26,93,"$1,534.50 ",Special Drop
SUMMER 2026,1/19/26,105,"$2,564.50 ",Special Drop
SUMMER 2026,1/20/26,230,"$3,947.76 ",Post Deadline
SUMMER 2026,1/21/26,132,"$1,980.89 ",Special Drop
SUMMER 2026,1/23/26,89,"$1,900.50 ",Post Deadline
SUMMER 2026,1/24/26,177,"$4,409.50 ",Post Deadline
SUMMER 2026,1/26/26,200,"$5,366.00 ",Post Deadline
SUMMER 2026,1/30/26,14,$231.00 ,Special Drop
SUMMER 2026,1/31/26,288,"$4,752.00 ",Special Drop
SUMMER 2026,2/2/26,111,"$2,333.55 ",Special Drop
SUMMER 2026,2/4/26,91,"$1,702.25 ",AO
SUMMER 2026,2/5/26,32,"$1,132.00 ",AO
SUMMER 2026,2/8/26,28,$462.00 ,Special Drop
SUMMER 2026,2/10/26,336,"$7,141.20 ",Special Drop
SUMMER 2026,2/11/26,51,"$1,622.50 ",AO
SUMMER 2026,2/12/26,95,"$1,888.50 ",Special Drop
SUMMER 2026,2/16/26,59,"$1,588.20 ",Special Drop
SUMMER 2026,2/17/26,69,"$1,590.00 ",AO
SUMMER 2026,2/23/26,337,"$4,983.75 ",AO
SUMMER 2026,2/25/26,723,"$11,384.55 ",Special Drop
SUMMER 2026,2/26/26,45,$742.50 ,Special Drop
SUMMER 2026,2/27/26,359,"$8,877.40 ",Special Drop
SUMMER 2026,2/28/26,16,$264.00 ,Special Drop
SUMMER 2026,3/2/26,758,"$12,560.50 ",Special Drop
SUMMER 2026,3/3/26,1647,"$24,766.30 ",Special Drop
SUMMER 2026,3/4/26,80,"$1,393.20 ",AO
SUMMER 2026,3/5/26,72,"$1,069.20 ",AO
SUMMER 2026,3/6/26,48,"$1,122.00 ",AO
SUMMER 2026,3/7/26,113,"$1,858.50 ",AO
SUMMER 2026,3/8/26,43,"$1,126.50 ",AO
SUMMER 2026,3/9/26,39,"$1,113.25 ",AO
SUMMER 2026,3/10/26,146,"$2,703.00 ",AO
SUMMER 2026,3/11/26,160,"$3,455.50 ",AO
SUMMER 2026,3/12/26,82,"$1,217.70 ",Special Drop
SUMMER 2026,3/13/26,14,$360.50 ,AO
SUMMER 2026,3/16/26,206,"$5,531.00 ",AO
SUMMER 2026,3/18/26,104,"$2,742.00 ",AO
SUMMER 2026,3/19/26,195,"$4,330.50 ",AO
SUMMER 2026,3/20/26,14,$450.00 ,AO
SUMMER 2026,3/23/26,99,"$2,315.50 ",AO
SUMMER 2026,3/24/26,185,"$3,017.25 ",AO
SUMMER 2026,3/25/26,497,"$7,222.50 ",AO
SUMMER 2026,3/27/26,35,"$1,079.50 ",AO
SUMMER 2026,3/30/26,423,"$11,993.95 ",AO
SUMMER 2026,4/1/26,41,"$1,120.50 ",AO
SUMMER 2026,4/2/26,226,"$3,356.10 ",AO
SUMMER 2026,4/3/26,72,"$1,069.20 ",AO
SUMMER 2026,4/6/26,126,"$2,907.90 ",AO
SUMMER 2026,4/7/26,74,"$1,998.34 ",AO
SUMMER 2026,4/8/26,80,"$2,636.00 ",AO
SUMMER 2026,4/9/26,24,$880.00 ,AO
SUMMER 2026,4/10/26,98,"$3,078.10 ",AO
SUMMER 2026,4/11/26,29,$750.50 ,AO
SUMMER 2026,4/12/26,47,"$1,647.50 ",AO
SUMMER 2026,4/13/26,107,"$2,271.50 ",AO
SUMMER 2026,4/14/26,28,$897.30 ,AO
SUMMER 2026,4/16/26,175,"$4,377.00 ",AO
SUMMER 2026,4/17/26,61,"$1,810.50 ",AO
SUMMER 2026,4/18/26,7,$235.50 ,AO
SUMMER 2026,4/20/26,6,$207.00 ,AO
SUMMER 2026,4/21/26,20,$612.00 ,AO
SUMMER 2026,4/23/26,116,"$3,451.10 ",(none)
SUMMER 2026,4/24/26,50,"$1,408.40 ",AO
SUMMER 2026,4/25/26,29,$958.50 ,AO
SUMMER 2026,4/26/26,9,$250.50 ,AO
SUMMER 2026,4/27/26,296,"$6,787.55 ",AO
SUMMER 2026,4/28/26,80,"$2,125.00 ",AO
SUMMER 2026,4/29/26,35,"$1,123.50 ",AO
SUMMER 2026,4/30/26,191,"$2,989.35 ",AO
SUMMER 2026,5/1/26,54,$882.00 ,AO
SUMMER 2026,5/2/26,21,$646.50 ,AO
SUMMER 2026,5/3/26,3,$115.50 ,AO
SUMMER 2026,5/4/26,1,$30.15 ,AO
SUMMER 2026,5/5/26,40,"$1,070.64 ",AO
SUMMER 2026,5/6/26,97,"$2,394.50 ",AO
SUMMER 2026,5/7/26,59,"$1,037.50 ",AO
SUMMER 2026,5/8/26,98,"$2,607.00 ",AO
SUMMER 2026,5/10/26,64,"$2,354.00 ",AO
SUMMER 2026,5/11/26,118,"$2,896.00 ",AO
SUMMER 2026,5/12/26,42,"$1,205.00 ",AO
SUMMER 2026,5/13/26,7,$241.50 ,AO
SUMMER 2026,5/14/26,4,$54.67 ,AO
SUMMER 2026,5/15/26,21,$462.15 ,AO
SUMMER 2026,5/18/26,44,"$1,324.25 ",AO
SUMMER 2026,5/19/26,99,"$3,216.50 ",AO
SUMMER 2026,5/20/26,308,"$5,853.00 ",AO
SUMMER 2026,5/21/26,105,"$2,215.50 ",N/A
SUMMER 2026,5/22/26,25,$308.50 ,AO
SUMMER 2026,5/23/26,320,"$5,658.00 ",AO
SUMMER 2026,,106229,"$2,469,099.66 ",
SUMMER 2027,5/23/26,70,"$1,765.00 ",PRE-BOOK
SUMMER 2027,,70,"$1,765.00 ",
Total,,545285,"$14,890,991.19 ",